seq	RMSF_R1	RMSF_R2	RMSF_R3
A	2.29	2.71	1.7
S	0.82	0.81	0.78
C	0.5	0.49	0.47
E	0.52	0.49	0.49
T	0.48	0.45	0.44
T	0.49	0.49	0.46
V	0.51	0.52	0.47
T	0.8	0.56	0.47
S	1.23	0.77	0.56
G	1.35	1.09	1.13
D	1.67	0.96	1.48
T	1.51	1.06	1.3
M	1.3	1.12	1.82
T	1.04	0.8	1.37
Y	0.82	0.58	0.64
S	0.74	0.86	0.73
T	0.76	0.69	0.62
R	0.65	0.54	0.54
S	0.54	0.5	0.48
I	0.47	0.45	0.42
S	0.53	0.5	0.47
V	0.44	0.45	0.4
P	0.56	0.56	0.51
A	0.75	0.81	0.7
S	0.71	0.68	0.64
C	0.59	0.6	0.56
A	0.71	0.82	0.66
E	0.54	0.51	0.48
F	0.41	0.39	0.37
T	0.42	0.38	0.38
V	0.42	0.38	0.37
N	0.44	0.41	0.4
F	0.43	0.4	0.38
E	0.57	0.5	0.45
H	0.66	0.55	0.48
K	0.97	0.86	0.64
G	1.37	1.01	0.79
H	1.88	1.26	1.01
M	1.97	1.39	0.98
P	2.39	1.77	1.08
K	2.72	2.51	0.86
T	2.51	2.28	1.16
G	1.78	1.7	1.54
M	1.47	2.0	0.89
G	0.76	0.89	0.64
H	0.51	0.58	0.45
N	0.44	0.45	0.4
W	0.42	0.4	0.37
V	0.36	0.34	0.33
L	0.36	0.33	0.32
A	0.38	0.39	0.38
K	0.48	0.5	0.49
S	0.55	0.55	0.54
A	0.78	0.75	0.74
D	0.61	0.64	0.63
V	0.58	0.6	0.55
G	0.63	0.68	0.64
D	0.55	0.61	0.61
V	0.46	0.5	0.5
A	0.56	0.59	0.56
K	0.64	0.66	0.66
E	0.59	0.62	0.6
G	0.56	0.59	0.57
A	0.73	0.76	0.71
H	0.82	0.88	0.83
A	0.68	0.75	0.67
G	0.71	0.79	0.76
A	0.73	0.88	0.85
D	0.83	1.05	1.01
N	0.62	0.77	0.71
N	0.57	0.73	0.72
F	0.47	0.58	0.6
V	0.45	0.58	0.63
T	0.56	0.73	0.8
P	0.75	0.88	0.9
G	0.83	0.91	0.92
D	0.6	0.69	0.66
K	0.7	0.74	0.74
R	0.5	0.5	0.52
V	0.43	0.42	0.42
I	0.46	0.42	0.43
A	0.45	0.42	0.42
F	0.42	0.4	0.38
T	0.42	0.45	0.43
P	0.57	0.61	0.57
I	0.54	0.56	0.47
I	0.55	0.48	0.41
G	0.7	0.58	0.49
G	0.81	0.67	0.59
G	0.78	0.67	0.6
E	0.57	0.56	0.49
K	0.54	0.52	0.51
T	0.5	0.46	0.45
S	0.59	0.53	0.53
V	0.52	0.47	0.44
K	0.54	0.56	0.48
F	0.52	0.55	0.48
K	0.57	0.55	0.52
V	0.54	0.77	0.53
S	0.81	0.96	0.76
A	1.01	1.59	1.07
L	0.67	0.87	0.72
S	0.7	0.77	0.69
K	0.84	0.84	0.78
D	0.98	1.03	0.84
E	0.92	0.98	0.76
A	0.8	0.89	0.64
Y	0.4	0.43	0.39
T	0.39	0.4	0.36
Y	0.42	0.39	0.37
F	0.41	0.38	0.36
C	0.42	0.41	0.37
S	0.48	0.48	0.45
Y	0.68	0.59	0.5
P	1.02	0.9	0.7
G	1.11	1.1	0.89
H	0.66	1.47	0.59
F	0.78	1.15	0.68
S	0.94	1.35	0.87
M	0.84	1.26	0.89
M	1.12	0.51	1.09
R	0.79	0.47	0.53
G	0.44	0.42	0.41
T	0.41	0.43	0.4
L	0.37	0.4	0.36
K	0.47	0.46	0.42
L	0.46	0.46	0.42
E	0.73	0.75	0.69
E	1.89	2.0	2.0
